--
-- PostgreSQL database dump
--

-- Dumped from database version 17.2
-- Dumped by pg_dump version 17.2

SET statement_timeout = 0;
SET lock_timeout = 0;
SET idle_in_transaction_session_timeout = 0;
SET transaction_timeout = 0;
SET client_encoding = 'UTF8';
SET standard_conforming_strings = on;
SELECT pg_catalog.set_config('search_path', '', false);
SET check_function_bodies = false;
SET xmloption = content;
SET client_min_messages = warning;
SET row_security = off;

SET default_tablespace = '';

SET default_table_access_method = heap;

--
-- Name: customer; Type: TABLE; Schema: public; Owner: postgres
--

CREATE TABLE public.customer (
    c_id integer NOT NULL,
    c_name text NOT NULL,
    c_age integer NOT NULL,
    c_email text NOT NULL,
    c_mobile character varying(15) NOT NULL,
    eid integer NOT NULL,
    data_id integer NOT NULL
);


ALTER TABLE public.customer OWNER TO postgres;

--
-- Name: dataplan; Type: TABLE; Schema: public; Owner: postgres
--

CREATE TABLE public.dataplan (
    data_id integer NOT NULL,
    data_size numeric(10,1) NOT NULL,
    data_duration_days integer NOT NULL,
    data_price_naira integer NOT NULL
);


ALTER TABLE public.dataplan OWNER TO postgres;

--
-- Name: department; Type: TABLE; Schema: public; Owner: postgres
--

CREATE TABLE public.department (
    dept_managerid integer NOT NULL,
    dno integer NOT NULL,
    dname text NOT NULL,
    dlocation text NOT NULL,
    pno integer NOT NULL
);


ALTER TABLE public.department OWNER TO postgres;

--
-- Name: project; Type: TABLE; Schema: public; Owner: postgres
--

CREATE TABLE public.project (
    pno integer NOT NULL,
    pname text NOT NULL,
    pduration character(10) NOT NULL,
    project_managerid integer NOT NULL
);


ALTER TABLE public.project OWNER TO postgres;

--
-- Name: staff; Type: TABLE; Schema: public; Owner: postgres
--

CREATE TABLE public.staff (
    staff_id integer NOT NULL,
    staff_name text NOT NULL,
    dno integer NOT NULL,
    staff_sal real,
    age integer NOT NULL,
    mobile character varying(15) NOT NULL
);


ALTER TABLE public.staff OWNER TO postgres;

--
-- Data for Name: customer; Type: TABLE DATA; Schema: public; Owner: postgres
--

COPY public.customer (c_id, c_name, c_age, c_email, c_mobile, eid, data_id) FROM stdin;
110	Musta Karim	35	m_karim@gmail.com	08055089112	102	5
111	Lilian Jaiya	43	l_jaiye@gmail.com	08055185341	100	3
112	Arthur Musa	50	a_musa@gmail.com	07055282813	107	10
113	Philip Akonjo	41	p_akonjo@gmail.com	09052356772	100	2
114	Marylene Mapa	33	m_mapa@gmail.com	08053333551	120	5
115	Adams Bree	33	a_bree@gmail.com	08056765424	102	1
116	Okafor Mathias	45	o_mathias@gmail.com	08056763367	120	10
117	Samson Adeleke	65	s_adeleke@gmail.com	07056774423	117	11
118	Lawal Tamire	35	l_tamire@gmail.com	09052111101	107	5
119	James Job	44	j_job@gmail.com	08059693919	100	8
120	Matthew Jakande	21	m_jakande@gmail.com	07051232144	120	2
121	Jimila Adegboye	20	j_adegboye@gmail.com	08054921923	107	5
\.


--
-- Data for Name: dataplan; Type: TABLE DATA; Schema: public; Owner: postgres
--

COPY public.dataplan (data_id, data_size, data_duration_days, data_price_naira) FROM stdin;
1	350.0	2	200
2	1800.0	14	500
3	3900.0	30	1000
4	7500.0	30	1500
5	9200.0	30	2000
6	10800.0	30	2500
7	14000.0	30	3000
8	18000.0	30	4000
9	24000.0	30	5000
10	29900.0	30	8000
11	50000.0	30	10000
\.


--
-- Data for Name: department; Type: TABLE DATA; Schema: public; Owner: postgres
--

COPY public.department (dept_managerid, dno, dname, dlocation, pno) FROM stdin;
108	1	Administration	Ikeja	44
101	2	Account	Egbeda	11
100	3	Packaging	Ajah	44
120	4	Research	V.I	33
97	5	Account	Magodo	22
122	6	Operations	Mile 2	44
107	7	Packaging	Ketu	55
\.


--
-- Data for Name: project; Type: TABLE DATA; Schema: public; Owner: postgres
--

COPY public.project (pno, pname, pduration, project_managerid) FROM stdin;
11	A	9 months  	102
22	B	14 months 	97
33	C	16 months 	120
44	D	25 months 	108
55	E	9 months  	107
\.


--
-- Data for Name: staff; Type: TABLE DATA; Schema: public; Owner: postgres
--

COPY public.staff (staff_id, staff_name, dno, staff_sal, age, mobile) FROM stdin;
101	Alade Joy	2	250000	33	8023089832
100	Mustapha Ali	3	175000	32	8063285831
107	Alokwe Martin	7	380000	48	7090082812
97	Dankade Aminat	5	550000	40	9023688832
108	Josiah Joshua	1	120000	30	8053189131
102	Mankinde Mary	2	450000	55	9023487830
120	Adeleke Jane	4	200000	38	7061045862
122	Osahon Mark	6	320000	44	8022289842
104	Kuti Lawal	1	750000	35	9145689842
117	Suleman Ajayi	3	800000	50	7030089981
\.


--
-- Name: customer customer_pkey; Type: CONSTRAINT; Schema: public; Owner: postgres
--

ALTER TABLE ONLY public.customer
    ADD CONSTRAINT customer_pkey PRIMARY KEY (c_id);


--
-- Name: dataplan dataplan_pkey; Type: CONSTRAINT; Schema: public; Owner: postgres
--

ALTER TABLE ONLY public.dataplan
    ADD CONSTRAINT dataplan_pkey PRIMARY KEY (data_id);


--
-- Name: department department_pkey; Type: CONSTRAINT; Schema: public; Owner: postgres
--

ALTER TABLE ONLY public.department
    ADD CONSTRAINT department_pkey PRIMARY KEY (dept_managerid);


--
-- Name: staff employees_pkey; Type: CONSTRAINT; Schema: public; Owner: postgres
--

ALTER TABLE ONLY public.staff
    ADD CONSTRAINT employees_pkey PRIMARY KEY (staff_id);


--
-- Name: project project_pkey; Type: CONSTRAINT; Schema: public; Owner: postgres
--

ALTER TABLE ONLY public.project
    ADD CONSTRAINT project_pkey PRIMARY KEY (pno);


--
-- PostgreSQL database dump complete
--

